StudyInstanceUID,ACL,MCL,Medial Meniscus,Lateral Meniscus,Medial OA,Lateral OA,PF OA,Effusion,Synovitis,Baker's,Contusion,Fracture
1.2.826.0.1.3680043.8.498.10095687747295410396510538520594649149,0.06470244,0.039036866,0.11290178,0.19496281,0.17000884,0.1125479,0.34915245,0.86177224,0.21192534,0.07378238,0.093129106,0.08456799
1.2.826.0.1.3680043.8.498.10170898615867673028696505248839028269,0.09190593,0.1752051,0.074151315,0.33892402,0.25557125,0.52415496,0.84266716,0.88687736,0.83631784,0.07119099,0.3770868,0.108677536
1.2.826.0.1.3680043.8.498.10306159113324811538703788080836752052,0.27170837,0.07742985,0.9443677,0.2438081,0.9829635,0.8606511,0.9035365,0.64624774,0.25846323,0.37614536,0.14246239,0.10165372
1.2.826.0.1.3680043.8.498.11287937729196958426538087439102017580,0.3371443,0.27988362,0.0919317,0.09882101,0.17182083,0.12472343,0.21510164,0.8522773,0.2531928,0.09564107,0.21557014,0.096979976
1.2.826.0.1.3680043.8.498.11382021393803389951964005983002209238,0.99043864,0.30332968,0.90671515,0.602909,0.08906606,0.110777505,0.040969416,0.70942783,0.18393731,0.15288414,0.12486593,0.07047815
1.2.826.0.1.3680043.8.498.11548045715264151632153040089882701935,0.30472875,0.21305434,0.11127887,0.39447317,0.1531495,0.25111982,0.3457923,0.85766524,0.5570387,0.08161552,0.62918264,0.18392913
1.2.826.0.1.3680043.8.498.11557620559191469069130827959098335840,0.9647732,0.08430338,0.16945398,0.34061065,0.2926309,0.43410793,0.4020261,0.9531245,0.3979504,0.07543146,0.32080242,0.22184342
1.2.826.0.1.3680043.8.498.11771393824519892797114773408583976756,0.83775854,0.96466804,0.22367741,0.09350035,0.21536285,0.15838383,0.3394014,0.42233625,0.19858634,0.1590531,0.7962138,0.2687721
1.2.826.0.1.3680043.8.498.11851412923016044948101698015974810604,0.34576845,0.3923812,0.77653056,0.69321746,0.6738405,0.53420204,0.73320836,0.91810226,0.23014276,0.5042688,0.35970792,0.30772403
1.2.826.0.1.3680043.8.498.11915937982684988073644209606907169581,0.033661757,0.07274283,0.12107998,0.9415917,0.57997733,0.913389,0.85266256,0.95319754,0.52606386,0.95458126,0.1390693,0.09464123
1.2.826.0.1.3680043.8.498.12448079646359892252441208258836556945,0.09671553,0.084533714,0.1620322,0.06131806,0.2510334,0.1668057,0.7000186,0.5021425,0.1620149,0.1360371,0.09068468,0.08428186
1.2.826.0.1.3680043.8.498.12505035424093604269515328931488770819,0.8926671,0.8318022,0.8446708,0.5409023,0.107975475,0.13514437,0.11390821,0.9290795,0.23147495,0.34366605,0.54625434,0.25228813
1.2.826.0.1.3680043.8.498.12606657226568558340797193167488111973,0.9481203,0.7197358,0.16648749,0.7432756,0.088836014,0.1210143,0.12479829,0.83292675,0.32214284,0.11001549,0.14338325,0.07896638
1.2.826.0.1.3680043.8.498.12801308844398614687904447633432197492,0.1008901,0.07606229,0.9197889,0.34669495,0.8785383,0.2705749,0.31448334,0.95001906,0.36966833,0.9472143,0.5191169,0.5750234
1.2.826.0.1.3680043.8.498.12978510157202852202776899910529174803,0.14531367,0.02187971,0.19602586,0.12528701,0.082223035,0.08640187,0.07002068,0.14300303,0.10703964,0.07185163,0.27003518,0.14533772
1.2.826.0.1.3680043.8.498.13267780356245120052411517053322874891,0.780145,0.18880393,0.11595114,0.3298044,0.15986623,0.23257716,0.18625897,0.83249205,0.3584155,0.12181642,0.6547875,0.90071875
1.2.826.0.1.3680043.8.498.13335129881737731410081002627729200903,0.51475114,0.18738092,0.7583161,0.9245017,0.95901656,0.9363146,0.9185445,0.89140105,0.40976357,0.95057696,0.1597006,0.10705271
1.2.826.0.1.3680043.8.498.15593638897292057356864060466120253309,0.08141905,0.03563464,0.7634323,0.94995946,0.8639512,0.9648617,0.95704985,0.9709394,0.81999826,0.1526043,0.082052134,0.13044898
1.2.826.0.1.3680043.8.498.16060119389060497136231217718921482192,0.046640087,0.14842077,0.91377336,0.78311557,0.9357715,0.7543499,0.917417,0.9306498,0.78311396,0.88625175,0.2352463,0.24680369
1.2.826.0.1.3680043.8.498.17844546765907321649997094867791102711,0.98493415,0.37322053,0.07658199,0.18223083,0.0379357,0.09329694,0.033940848,0.94338745,0.17207575,0.100316025,0.8566041,0.25257513
1.2.826.0.1.3680043.8.498.18392509497170616983977319528036573378,0.9879387,0.88589054,0.69217473,0.4411918,0.1041434,0.14361179,0.08824766,0.8298247,0.13861503,0.12665005,0.7659254,0.22673213
1.2.826.0.1.3680043.8.498.22109739962224309418874538994436903404,0.354031,0.034114596,0.27667642,0.8772214,0.4419596,0.6270029,0.65303385,0.84338766,0.1832427,0.9506127,0.14659928,0.09680891
1.2.826.0.1.3680043.8.498.25695966186129395049687747156570466645,0.17065257,0.04381779,0.8395894,0.2213992,0.5124602,0.2568492,0.3892264,0.941323,0.38890895,0.4363028,0.1994365,0.10522089
1.2.826.0.1.3680043.8.498.26790702379506190936834447203448882465,0.9807849,0.1859848,0.058018114,0.102050096,0.020880282,0.04020015,0.016019316,0.8692047,0.13870697,0.09693382,0.69317573,0.09489145
1.2.826.0.1.3680043.8.498.27437263843446879932281897446100134924,0.03254695,0.031151587,0.94574136,0.04688107,0.55029184,0.31170058,0.30634043,0.036350083,0.05954999,0.023501165,0.10744384,0.15393375
1.2.826.0.1.3680043.8.498.28925345859498351203477642741908452608,0.2182434,0.4789646,0.96431017,0.48390904,0.9521434,0.33078685,0.6751861,0.74446154,0.25565767,0.9254696,0.27503178,0.14153996
1.2.826.0.1.3680043.8.498.29764868091238287072166823522853419550,0.81058097,0.13690148,0.11849781,0.058854472,0.033410322,0.041845143,0.032127164,0.41453257,0.11920861,0.12386135,0.556907,0.10128095
1.2.826.0.1.3680043.8.498.30246079718471552972130572444383079911,0.96996546,0.5147112,0.83998156,0.7100951,0.18013233,0.23566093,0.18795013,0.94421536,0.18842882,0.09341058,0.75620204,0.28443924
1.2.826.0.1.3680043.8.498.32321830776739689645700555055955725945,0.83723193,0.5370658,0.52752423,0.25956285,0.08713106,0.07789257,0.10145276,0.9501133,0.25746042,0.13624339,0.80979365,0.7519315
1.2.826.0.1.3680043.8.498.37040910196459054543310335064167212742,0.97993255,0.77345127,0.650402,0.28309956,0.1287178,0.107819654,0.12784083,0.9806207,0.7428457,0.11603439,0.9231357,0.60690594
1.2.826.0.1.3680043.8.498.37392127307867238524251864751713143683,0.09572789,0.16790575,0.13143522,0.06054922,0.14773609,0.22837181,0.34520176,0.5021644,0.14646259,0.67151004,0.8265441,0.1773057
1.2.826.0.1.3680043.8.498.39500553372517290823815606829518305500,0.06444126,0.04677501,0.25719467,0.982562,0.7252348,0.9715669,0.95751303,0.980606,0.77053094,0.0906657,0.10681403,0.13928324
1.2.826.0.1.3680043.8.498.41600498783384864111179175518614837125,0.99439317,0.84480906,0.95737344,0.58326334,0.21528053,0.18151198,0.049619764,0.77742654,0.24430789,0.12794863,0.75408715,0.123289086
1.2.826.0.1.3680043.8.498.47921753480592595198052407850568677187,0.10183006,0.393267,0.94412804,0.114166856,0.63251877,0.12695646,0.28754023,0.9511256,0.27037275,0.16281755,0.5931892,0.4380398
1.2.826.0.1.3680043.8.498.48348615349418615469875801439348424274,0.033960853,0.39539334,0.5049901,0.09929526,0.53454584,0.31631657,0.8140378,0.8428288,0.21593928,0.39543423,0.07530237,0.094717026
1.2.826.0.1.3680043.8.498.48946580946665031852355005294734101132,0.89601487,0.33459115,0.5130244,0.044026718,0.26416335,0.12007233,0.29642573,0.89485025,0.14145745,0.26123637,0.6707165,0.24597405
1.2.826.0.1.3680043.8.498.54977581323931277817074741182670080450,0.026124887,0.04323609,0.34765527,0.97646075,0.705437,0.92123574,0.94177,0.9627924,0.6460621,0.118555866,0.08545426,0.13129945
1.2.826.0.1.3680043.8.498.56512564464301544960446419143135447363,0.23780103,0.06518023,0.716408,0.09940567,0.86975884,0.44049394,0.60157716,0.8591551,0.5444247,0.048078347,0.2050045,0.121985644
1.2.826.0.1.3680043.8.498.59483999067816153759785789654766826710,0.93661386,0.2689661,0.36627626,0.29475713,0.07096136,0.094421804,0.05558912,0.89420575,0.16052802,0.12301553,0.85710484,0.4903439
1.2.826.0.1.3680043.8.498.62465595376489211274225312453216559395,0.93425727,0.6580279,0.6959348,0.69917536,0.25706553,0.35442436,0.23498116,0.85048985,0.18292433,0.21491049,0.6068935,0.41027912
1.2.826.0.1.3680043.8.498.62549354677638403845904556149868367236,0.9873014,0.790025,0.14440584,0.16688155,0.053506713,0.0844327,0.08854443,0.8763549,0.124571435,0.13975616,0.8343633,0.19593652
1.2.826.0.1.3680043.8.498.64408609256163127278435484217683272910,0.64684695,0.1665948,0.94910556,0.28075296,0.9794397,0.5662146,0.7195382,0.91489154,0.3237821,0.96412206,0.3535014,0.1104247
1.2.826.0.1.3680043.8.498.64703506772167798469048460791472465039,0.9605109,0.81778145,0.20759423,0.53101236,0.08440977,0.13319467,0.13181147,0.9761173,0.51495236,0.08246175,0.9140685,0.77756906
1.2.826.0.1.3680043.8.498.65708905118633339771181857781063784327,0.46007523,0.33968392,0.9290481,0.22513892,0.9412289,0.49422097,0.7846508,0.8794656,0.68719846,0.8298871,0.22959709,0.08808572
1.2.826.0.1.3680043.8.498.67188121544063723837669983597453941774,0.9610974,0.22060035,0.90749985,0.2811612,0.15424167,0.116425194,0.108302444,0.89182097,0.14264852,0.09347095,0.107372604,0.075034656
1.2.826.0.1.3680043.8.498.69392348385274125385290015404144639002,0.06685558,0.09736121,0.13255195,0.060290247,0.20471577,0.14184652,0.70048666,0.54569465,0.14729814,0.11701765,0.38729057,0.22076954
1.2.826.0.1.3680043.8.498.72853333220043794904856138561095171921,0.10356668,0.89501065,0.26756176,0.04492448,0.28502643,0.17472,0.55585784,0.498271,0.12711646,0.18840563,0.58187777,0.12647982
1.2.826.0.1.3680043.8.498.73527530686853911124431549317032662220,0.99162036,0.42388514,0.32555076,0.2881073,0.09728833,0.17371966,0.11394075,0.9702349,0.85730577,0.114959024,0.919297,0.2865727
1.2.826.0.1.3680043.8.498.73926443729786165628848843707532839995,0.044058885,0.43426803,0.7604918,0.104501225,0.6802624,0.4462645,0.89647776,0.9386932,0.62166077,0.9022611,0.39984176,0.09407709
1.2.826.0.1.3680043.8.498.75187434248356774277526985329346125190,0.95927,0.27156213,0.7458577,0.108344175,0.083794355,0.0809754,0.061590552,0.89751357,0.13484909,0.69726866,0.8324962,0.162152
1.2.826.0.1.3680043.8.498.77362718298550276679350855963451855003,0.035314023,0.119417846,0.07970553,0.025155114,0.05948855,0.119994074,0.30476916,0.90911794,0.45112765,0.055913776,0.6415655,0.23213421
1.2.826.0.1.3680043.8.498.78512215519177850923279235346968676828,0.1477201,0.08482751,0.81014013,0.34749094,0.9563671,0.8657773,0.9884114,0.77270633,0.24635161,0.5736458,0.1490324,0.075118035
1.2.826.0.1.3680043.8.498.82166943552764439138333504456139890254,0.97057647,0.42143393,0.94958013,0.82878,0.74867344,0.55047804,0.32295898,0.9124234,0.644567,0.13339311,0.14388548,0.05778503
1.2.826.0.1.3680043.8.498.86968600239724310678905311244945464037,0.99046344,0.19335413,0.932653,0.3245184,0.22203493,0.12789403,0.07101237,0.93637246,0.39234075,0.4371587,0.34633604,0.114992775
1.2.826.0.1.3680043.8.498.88077418639301174409926781329613570435,0.82109064,0.20671178,0.94074875,0.7857531,0.9813501,0.9506144,0.950689,0.9748745,0.72160125,0.85654163,0.19932823,0.10149586
1.2.826.0.1.3680043.8.498.90283565381042081768587894596970552767,0.08646513,0.14503711,0.40032554,0.1931067,0.5435787,0.4213104,0.9728735,0.9591164,0.66769856,0.20317309,0.15271233,0.12635702
1.2.826.0.1.3680043.8.498.94433753471890306108089557761231739312,0.012768543,0.039975256,0.09707675,0.024900379,0.12093449,0.047039066,0.3710412,0.554822,0.09026583,0.27489224,0.034889575,0.06402728
1.2.826.0.1.3680043.8.498.97274720257634584071500649275217521662,0.17101921,0.19473712,0.7781953,0.26035687,0.68004584,0.6574885,0.8399301,0.9334955,0.41211525,0.9260881,0.6511647,0.2433352
